FLIGHT_ID,AIRLINE_CODE,DEPARTURE_AIRPORT_CODE,DESTINATION_AIRPORT_CODE,AIRCRAFT_ID
100001,FA,FKT,NSA,12d
100002,FA,FKT,NSA,12d
100003,FA,FKT,NSA,12d
100004,FA,FKT,NSA,12d
100005,FA,FKT,NSA,12d
100006,FA,FKT,NSA,12d
100007,FA,FKT,NSA,12d
100008,FA,FKT,NSA,12d
100009,FA,FKT,NSA,12d
100010,FA,FKT,NSA,12d
100011,FA,FKT,NSA,12d
100012,FA,FKT,NSA,12d
100013,FA,FKT,NSA,12d
100014,FA,FKT,NSA,12d
100015,FA,FKT,NSA,12d
100016,FA,FKT,NSA,12d
100017,FA,FKT,NSA,12d
100018,FA,FKT,NSA,12d
100019,FA,FKT,NSA,12d
100020,FA,FKT,NSA,12d
100021,FA,FKT,NSA,12d
100022,FA,FKT,NSA,12d
100023,FA,FKT,NSA,12d
100024,FA,FKT,NSA,12d
100025,FA,FKT,AMP,12a
100026,FA,FKT,AMP,12a
100027,FA,FKT,AMP,12a
100028,FA,FKT,AMP,12a
100029,FA,FKT,AMP,12a
100030,FA,FKT,AMP,12a
100031,FA,FKT,AMP,12a
100032,FA,FKT,AMP,12a
100033,FA,FKT,AMP,12a
100034,FA,FKT,AMP,12a
100035,FA,FKT,AMP,12a
100036,FA,FKT,AMP,12a
100037,FA,FKT,AMP,12a
100038,FA,FKT,AMP,12a
100039,FA,FKT,AMP,12a
100040,FA,FKT,AMP,12a
100041,FA,FKT,AMP,12a
100042,FA,FKT,AMP,12a
100043,FA,FKT,AMP,12a
100044,FA,FKT,AMP,12a
100045,FA,FKT,AMP,12a
100046,FA,FKT,AMP,12a
100047,FA,FKT,AMP,12a
100048,FA,FKT,AMP,12a
100049,FA,FKT,AMP,12a
100050,FA,FKT,AMP,12a
100051,FA,FKT,AMP,12a
100052,FA,FKT,AMP,12a
100053,FA,FKT,AMP,12a
100054,FA,FKT,AMP,12a
100055,FA,FKT,AMP,12a
100056,FA,FKT,AMP,12a
100057,FA,FKT,AMP,12a
100058,FA,FKT,AMP,12a
100059,FA,FKT,AMP,12a
100060,FA,FKT,AMP,12a
100061,FA,FKT,AMP,12a
100062,FA,FKT,AMP,12a
100063,FA,FKT,AMP,12a
100064,FA,FKT,AMP,12a
100065,FA,FKT,AMP,12a
100066,FA,FKT,AMP,12a
100067,FA,FKT,AMP,12a
100068,FA,FKT,AMP,12a
100069,FA,FKT,AMP,12a
100070,FA,FKT,AMP,12a
100071,FA,FKT,AMP,12a
100072,FA,FKT,AMP,12a
100073,FA,FKT,AMP,12a
100074,FA,FKT,AMP,12a
100075,FA,FKT,AMP,12a
100076,FA,FKT,AMP,12a
100077,FA,FKT,AMP,12a
100078,FA,FKT,AMP,12a
100079,FA,FKT,AMP,12a
100080,FA,FKT,AMP,12a
100081,FA,FKT,AMP,12a
100082,FA,FKT,AMP,12a
100083,FA,FKT,AMP,12a
100084,FA,FKT,AMP,12a
100085,FA,FKT,AMP,12a
100086,FA,FKT,AMP,12a
100087,FA,FKT,AMP,12a
100088,FA,FKT,AMP,12a
100089,FA,FKT,AMP,12a
100090,FA,FKT,AMP,12a
100091,FA,FKT,AMP,12a
100092,FA,FKT,AMP,12a
100093,FA,FKT,AMP,12a
100094,FA,FKT,AMP,12a
100095,FA,FKT,AMP,12a
100096,FA,FKT,AMP,12a
100097,FA,FKT,AMP,12a
100098,FA,FKT,AMP,12a
100099,FA,FKT,AMP,12a
100100,FA,FKT,AMP,12a
100101,FA,FKT,AMP,12a
100102,FA,FKT,AMP,12a
100103,FA,FKT,AMP,12a
100104,FA,FKT,AMP,12a
100105,FA,FKT,AMP,12a
100106,FA,FKT,AMP,12a
100107,FA,FKT,AMP,12a
100108,FA,FKT,AMP,12a
100109,FA,FKT,AMP,12a
100110,FA,FKT,AMP,12a
100111,FA,FKT,AMP,12a
100112,FA,FKT,AMP,12a
100113,FA,FKT,AMP,12a
100114,FA,FKT,AMP,12a
100115,FA,FKT,AMP,12a
100116,FA,FKT,AMP,12a
100117,FA,FKT,AMP,12a
100118,FA,FKT,AMP,12a
100119,FA,FKT,AMP,12a
100120,FA,FKT,AMP,12a
100121,FA,FKT,AMP,12a
100122,FA,FKT,AMP,12a
100123,FA,FKT,AMP,12a
100124,FA,FKT,AMP,12a
100125,FA,FKT,AMP,12a
100126,FA,FKT,AMP,12a
100127,FA,FKT,AMP,12a
100128,FA,FKT,AMP,12a
100129,FA,FKT,AMP,12a
100130,FA,FKT,AMP,12a
100131,FA,FKT,AMP,12a
100132,FA,FKT,AMP,12a
100133,FA,FKT,AMP,12a
100134,FA,FKT,AMP,12a
100135,FA,FKT,AMP,12a
100136,FA,FKT,AMP,12a
100137,FA,FKT,AMP,12a
100138,FA,FKT,AMP,12a
100139,FA,FKT,AMP,12a
100140,FA,FKT,AMP,12a
100141,FA,FKT,AMP,12a
100142,FA,FKT,AMP,12a
100143,FA,FKT,AMP,12a
100144,FA,FKT,AMP,12a
100145,FA,FKT,AMP,12a
100146,FA,FKT,AMP,12a
100147,FA,FKT,AMP,12a
100148,FA,FKT,AMP,12a
100149,FA,FKT,AMP,12a
100150,FA,FKT,AMP,12a
100151,FA,FKT,AMP,12a
100152,FA,FKT,AMP,12a
100153,FA,FKT,AMP,12a
100154,FA,FKT,AMP,12a
100155,FA,FKT,AMP,12a
100156,FA,FKT,AMP,12a
100157,FA,FKT,AMP,12a
100158,FA,FKT,AMP,12a
100159,FA,FKT,AMP,12a
100160,FA,FKT,AMP,12a
100161,FA,FKT,AMP,12a
100162,FA,FKT,AMP,12a
100163,FA,FKT,AMP,12a
100164,FA,FKT,AMP,12a
100165,FA,FKT,AMP,12a
100166,FA,FKT,AMP,12a
100167,FA,FKT,AMP,12a
100168,FA,FKT,AMP,12a
100169,FA,FKT,AMP,12a
100170,FA,FKT,AMP,12a
100171,FA,FKT,AMP,12a
100172,FA,FKT,AMP,12a
100173,FA,FKT,AMP,12a
100174,FA,FKT,AMP,12a
100175,FA,FKT,AMP,12a
100176,FA,FKT,AMP,12a
100177,FA,FKT,AMP,12a
100178,FA,FKT,AMP,12a
100179,FA,FKT,AMP,12a
100180,FA,FKT,AMP,12a
100181,FA,FKT,AMP,12a
100182,FA,FKT,AMP,12a
100183,FA,FKT,AMP,12a
100184,FA,FKT,AMP,12a
100185,FA,FKT,AMP,12a
100186,FA,FKT,AMP,12a
100187,FA,FKT,AMP,12a
100188,FA,FKT,AMP,12a
100189,FA,FKT,AMP,12a
100190,FA,FKT,AMP,12a
100191,FA,FKT,AMP,12a
100192,FA,FKT,AMP,12a
100193,FA,FKT,AMP,12a
100194,FA,FKT,AMP,12a
100195,FA,FKT,AMP,12a
100196,FA,FKT,AMP,12a
100197,FA,NSA,FKT,12d
100198,FA,NSA,FKT,12d
100199,FA,NSA,FKT,12d
100200,FA,NSA,FKT,12d
100201,FA,NSA,FKT,12d
100202,FA,NSA,FKT,12d
100203,FA,NSA,FKT,12d
100204,FA,NSA,FKT,12d
100205,FA,NSA,FKT,12d
100206,FA,NSA,FKT,12d
100207,FA,NSA,FKT,12d
100208,FA,NSA,FKT,12d
100209,FA,NSA,FKT,12d
100210,FA,NSA,FKT,12d
100211,FA,NSA,FKT,12d
100212,FA,NSA,FKT,12d
100213,FA,NSA,FKT,12d
100214,FA,NSA,FKT,12d
100215,FA,NSA,FKT,12d
100216,FA,NSA,FKT,12d
100217,FA,NSA,FKT,12d
100218,FA,NSA,FKT,12d
100219,FA,NSA,FKT,12d
100220,FA,NSA,FKT,12d
100221,FA,NSA,FKT,12d
100222,FA,NSA,FKT,12d
100223,FA,NSA,FKT,12d
100224,FA,NSA,FKT,12d
100225,FA,NSA,FKT,12d
100226,FA,NSA,FKT,12d
100227,FA,NSA,FKT,12d
100228,FA,NSA,FKT,12d
100229,FA,NSA,FKT,12d
100230,FA,NSA,FKT,12d
100231,FA,NSA,FKT,12d
100232,FA,NSA,FKT,12d
100233,FA,NSA,FKT,12d
100234,FA,NSA,FKT,12d
100235,FA,NSA,FKT,12d
100236,FA,NSA,FKT,12d
100237,FA,NSA,FKT,12d
100238,FA,NSA,FKT,12d
100239,FA,NSA,FKT,12d
100240,FA,NSA,FKT,12d
100241,FA,NSA,FKT,12d
100242,FA,NSA,FKT,12d
100243,FA,NSA,FKT,12d
100244,FA,NSA,FKT,12d
100245,FA,NSA,FKT,12d
100246,FA,NSA,FKT,12d
100247,FA,NSA,FKT,12d
100248,FA,NSA,FKT,12d
100249,FA,NSA,FKT,12d
100250,FA,NSA,FKT,12d
100251,FA,NSA,FKT,12d
100252,FA,NSA,FKT,12d
100253,FA,NSA,FKT,12d
100254,FA,NSA,FKT,12d
100255,FA,NSA,FKT,12d
100256,FA,NSA,FKT,12d
100257,FA,NSA,FKT,12d
100258,FA,NSA,FKT,12d
100259,FA,NSA,FKT,12d
100260,FA,NSA,FKT,12d
100261,FA,NSA,FKT,12d
100262,FA,NSA,FKT,12d
100263,FA,NSA,FKT,12d
100264,FA,NSA,FKT,12d
100265,FA,NSA,FKT,12d
100266,FA,NSA,FKT,12d
100267,FA,NSA,FKT,12d
100268,FA,NSA,FKT,12d
100269,FA,NSA,FKT,12d
100270,FA,NSA,FKT,12d
100271,FA,NSA,FKT,12d
100272,FA,NSA,FKT,12d
100273,FA,NSA,FKT,12d
100274,FA,NSA,FKT,12d
100275,FA,NSA,FKT,12d
100276,FA,NSA,FKT,12d
100277,FA,NSA,FKT,12d
100278,FA,NSA,FKT,12d
100279,FA,NSA,FKT,12d
100280,FA,NSA,FKT,12d
100281,FA,NSA,FKT,12d
100282,FA,NSA,FKT,12d
100283,FA,NSA,FKT,12d
100284,FA,NSA,FKT,12d
100285,FA,NSA,FKT,12d
100286,FA,NSA,FKT,12d
100287,FA,NSA,FKT,12d
100288,FA,NSA,FKT,12d
100289,FA,NSA,FKT,12d
100290,FA,NSA,FKT,12d
100291,FA,NSA,FKT,12d
100292,FA,NSA,FKT,12d
100293,FA,NSA,FKT,12d
100294,FA,NSA,FKT,12d
100295,FA,NSA,FKT,12d
100296,FA,NSA,FKT,12d
100297,FA,NSA,FKT,12d
100298,FA,NSA,FKT,12d
100299,FA,NSA,FKT,12d
100300,FA,NSA,FKT,12d
100301,FA,NSA,FKT,12d
100302,FA,NSA,FKT,12d
100303,FA,NSA,FKT,12d
100304,FA,NSA,FKT,12d
100305,FA,NSA,FKT,12d
100306,FA,NSA,FKT,12d
100307,FA,NSA,FKT,12d
100308,FA,NSA,FKT,12d
100309,FA,NSA,FKT,12d
100310,FA,NSA,FKT,12d
100311,FA,NSA,FKT,12d
100312,FA,NSA,FKT,12d
100313,FA,NSA,FKT,12d
100314,FA,NSA,FKT,12d
100315,FA,NSA,FKT,12d
100316,FA,NSA,FKT,12d
100317,FA,NSA,FKT,12d
100318,FA,NSA,FKT,12d
100319,FA,NSA,FKT,12d
100320,FA,NSA,FKT,12d
100321,FA,NSA,FKT,12d
100322,FA,NSA,FKT,12d
100323,FA,NSA,FKT,12d
100324,FA,NSA,FKT,12d
100325,FA,NSA,FKT,12d
100326,FA,NSA,FKT,12d
100327,FA,NSA,FKT,12d
100328,FA,NSA,FKT,12d
100329,FA,NSA,FKT,12d
100330,FA,NSA,FKT,12d
100331,FA,NSA,FKT,12d
100332,FA,NSA,FKT,12d
100333,FA,NSA,FKT,12d
100334,FA,NSA,FKT,12d
100335,FA,NSA,FKT,12d
100336,FA,NSA,FKT,12d
100337,FA,NSA,FKT,12d
100338,FA,NSA,FKT,12d
100339,FA,NSA,FKT,12d
100340,FA,NSA,FKT,12d
100341,FA,NSA,FKT,12d
100342,FA,NSA,FKT,12d
100343,FA,NSA,FKT,12d
100344,FA,NSA,FKT,12d
100345,FA,NSA,FKT,12d
100346,FA,NSA,FKT,12d
100347,FA,NSA,FKT,12d
100348,FA,NSA,FKT,12d
100349,FA,NSA,AMP,12d
100350,FA,NSA,AMP,12d
100351,FA,NSA,AMP,12d
100352,FA,NSA,AMP,12d
100353,FA,NSA,AMP,12d
100354,FA,NSA,AMP,12d
100355,FA,NSA,AMP,12d
100356,FA,NSA,AMP,12d
100357,FA,NSA,AMP,12d
100358,FA,NSA,AMP,12d
100359,FA,NSA,AMP,12d
100360,FA,NSA,AMP,12d
100361,FA,NSA,AMP,12d
100362,FA,NSA,AMP,12d
100363,FA,NSA,AMP,12d
100364,FA,NSA,AMP,12d
100365,FA,AMP,FKT,12a
100366,FA,AMP,FKT,12a
100367,FA,AMP,FKT,12a
100368,FA,AMP,FKT,12a
100369,FA,AMP,FKT,12a
100370,FA,AMP,FKT,12a
100371,FA,AMP,FKT,12a
100372,FA,AMP,FKT,12a
100373,FA,AMP,FKT,12a
100374,FA,AMP,FKT,12a
100375,FA,AMP,FKT,12a
100376,FA,AMP,FKT,12a
100377,FA,AMP,FKT,12a
100378,FA,AMP,FKT,12a
100379,FA,AMP,FKT,12a
100380,FA,AMP,FKT,12a
100381,FA,AMP,FKT,12a
100382,FA,AMP,FKT,12a
100383,FA,AMP,FKT,12a
100384,FA,AMP,FKT,12a
100385,FA,AMP,FKT,12a
100386,FA,AMP,FKT,12a
100387,FA,AMP,FKT,12a
100388,FA,AMP,FKT,12a
100389,FA,AMP,FKT,12a
100390,FA,AMP,FKT,12a
100391,FA,AMP,FKT,12a
100392,FA,AMP,FKT,12a
100393,FA,AMP,FKT,12a
100394,FA,AMP,FKT,12a
100395,FA,AMP,FKT,12a
100396,FA,AMP,FKT,12a
100397,FA,AMP,FKT,12a
100398,FA,AMP,FKT,12a
100399,FA,AMP,FKT,12a
100400,FA,AMP,FKT,12a
100401,FA,AMP,FKT,12a
100402,FA,AMP,FKT,12a
100403,FA,AMP,FKT,12a
100404,FA,AMP,FKT,12a
100405,FA,AMP,FKT,12a
100406,FA,AMP,FKT,12a
100407,FA,AMP,FKT,12a
100408,FA,AMP,FKT,12a
100409,FA,AMP,FKT,12a
100410,FA,AMP,FKT,12a
100411,FA,AMP,FKT,12a
100412,FA,AMP,FKT,12a
100413,FA,AMP,FKT,12a
100414,FA,AMP,FKT,12a
100415,FA,AMP,FKT,12a
100416,FA,AMP,FKT,12a
100417,FA,AMP,FKT,12a
100418,FA,AMP,FKT,12a
100419,FA,AMP,FKT,12a
100420,FA,AMP,FKT,12a
100421,FA,AMP,FKT,12a
100422,FA,AMP,FKT,12a
100423,FA,AMP,FKT,12a
100424,FA,AMP,FKT,12a
100425,FA,AMP,FKT,12a
100426,FA,AMP,FKT,12a
100427,FA,AMP,FKT,12a
100428,FA,AMP,FKT,12a
100429,FA,AMP,FKT,12a
100430,FA,AMP,FKT,12a
100431,FA,AMP,FKT,12a
100432,FA,AMP,FKT,12a
100433,FA,AMP,FKT,12a
100434,FA,AMP,FKT,12a
100435,FA,AMP,FKT,12a
100436,FA,AMP,FKT,12a
100437,FA,AMP,FKT,12a
100438,FA,AMP,FKT,12a
100439,FA,AMP,FKT,12a
100440,FA,AMP,FKT,12a
100441,FA,AMP,FKT,12a
100442,FA,AMP,FKT,12a
100443,FA,AMP,FKT,12a
100444,FA,AMP,FKT,12a
100445,FA,AMP,FKT,12a
100446,FA,AMP,FKT,12a
100447,FA,AMP,FKT,12a
100448,FA,AMP,FKT,12a
100449,FA,AMP,FKT,12a
100450,FA,AMP,FKT,12a
100451,FA,AMP,FKT,12a
100452,FA,AMP,FKT,12a
100453,FA,AMP,FKT,12a
100454,FA,AMP,NSA,12a
100455,FA,AMP,NSA,12a
100456,FA,AMP,NSA,12a
100457,FA,AMP,NSA,12a
100458,FA,AMP,NSA,12a
100459,FA,AMP,NSA,12a
100460,FA,AMP,NSA,12a
100461,FA,AMP,NSA,12a
100462,FA,AMP,NSA,12a
100463,FA,AMP,NSA,12a
100464,FA,AMP,NSA,12a
100465,FA,AMP,NSA,12a
100466,FA,AMP,NSA,12a
100467,FA,AMP,NSA,12a
100468,FA,AMP,NSA,12a
100469,FA,AMP,NSA,12a
100470,GA,FKT,NSA,g72
100471,GA,FKT,NSA,g72
100472,GA,FKT,NSA,g72
100473,GA,FKT,NSA,g72
100474,GA,FKT,NSA,g72
100475,GA,FKT,NSA,g72
100476,GA,FKT,NSA,g72
100477,GA,FKT,NSA,g72
100478,GA,FKT,NSA,g72
100479,GA,FKT,NSA,g72
100480,GA,FKT,NSA,g72
100481,GA,FKT,NSA,g72
100482,GA,FKT,NSA,g72
100483,GA,FKT,NSA,g72
100484,GA,FKT,NSA,g72
100485,GA,FKT,NSA,g72
100486,GA,FKT,NSA,g72
100487,GA,FKT,NSA,g72
100488,GA,FKT,NSA,g72
100489,GA,FKT,NSA,g72
100490,GA,FKT,NSA,g72
100491,GA,FKT,NSA,g72
100492,GA,FKT,NSA,g72
100493,GA,FKT,NSA,g72
100494,GA,FKT,NSA,g72
100495,GA,FKT,NSA,g72
100496,GA,FKT,NSA,g72
100497,GA,FKT,NSA,g72
100498,GA,FKT,NSA,g72
100499,GA,FKT,NSA,g72
100500,GA,FKT,NSA,g72
100501,GA,FKT,NSA,g72
100502,GA,FKT,NSA,g72
100503,GA,FKT,NSA,g72
100504,GA,FKT,NSA,g72
100505,GA,FKT,NSA,g72
100506,GA,FKT,NSA,g72
100507,GA,FKT,NSA,g72
100508,GA,FKT,NSA,g72
100509,GA,FKT,NSA,g72
100510,GA,FKT,NSA,g72
100511,GA,FKT,NSA,g72
100512,GA,FKT,NSA,g72
100513,GA,FKT,NSA,g72
100514,GA,FKT,NSA,g72
100515,GA,FKT,NSA,g72
100516,GA,FKT,NSA,g72
100517,GA,FKT,NSA,g72
100518,GA,FKT,NSA,g72
100519,GA,FKT,NSA,g72
100520,GA,FKT,NSA,g72
100521,GA,FKT,NSA,g72
100522,GA,FKT,NSA,g72
100523,GA,FKT,NSA,g72
100524,GA,FKT,NSA,g72
100525,GA,FKT,NSA,g72
100526,GA,FKT,NSA,g72
100527,GA,FKT,NSA,g72
100528,GA,FKT,NSA,g72
100529,GA,FKT,NSA,g72
100530,GA,FKT,NSA,g72
100531,GA,FKT,NSA,g72
100532,GA,FKT,NSA,g72
100533,GA,FKT,NSA,g72
100534,GA,FKT,NSA,g72
100535,GA,FKT,NSA,g72
100536,GA,FKT,NSA,g72
100537,GA,FKT,NSA,g72
100538,GA,FKT,NSA,g72
100539,GA,FKT,NSA,g72
100540,GA,FKT,NSA,g72
100541,GA,FKT,NSA,g72
100542,GA,FKT,NSA,g72
100543,GA,FKT,NSA,g72
100544,GA,FKT,NSA,g72
100545,GA,FKT,NSA,g72
100546,GA,FKT,NSA,g72
100547,GA,FKT,NSA,g72
100548,GA,FKT,NSA,g72
100549,GA,FKT,NSA,g72
100550,GA,FKT,NSA,g72
100551,GA,FKT,NSA,g72
100552,GA,FKT,NSA,g72
100553,GA,FKT,NSA,g72
100554,GA,FKT,NSA,g72
100555,GA,FKT,NSA,g72
100556,GA,FKT,NSA,g72
100557,GA,FKT,NSA,g72
100558,GA,FKT,NSA,g72
100559,GA,FKT,NSA,g72
100560,GA,FKT,NSA,g72
100561,GA,FKT,NSA,g72
100562,GA,FKT,NSA,g72
100563,GA,FKT,NSA,g72
100564,GA,FKT,NSA,g72
100565,GA,FKT,NSA,g72
100566,GA,FKT,NSA,g72
100567,GA,FKT,NSA,g72
100568,GA,FKT,NSA,g72
100569,GA,FKT,NSA,g72
100570,GA,FKT,NSA,g72
100571,GA,FKT,NSA,g72
100572,GA,FKT,NSA,g72
100573,GA,FKT,NSA,g72
100574,GA,FKT,NSA,g72
100575,GA,FKT,NSA,g72
100576,GA,FKT,NSA,g72
100577,GA,FKT,NSA,g72
100578,GA,FKT,AA,g72
100579,GA,FKT,AA,g72
100580,GA,FKT,AA,g72
100581,GA,FKT,AA,g72
100582,GA,FKT,AA,g72
100583,GA,FKT,AA,g72
100584,GA,FKT,AA,g72
100585,GA,FKT,AA,g72
100586,GA,FKT,AA,g72
100587,GA,FKT,AA,g72
100588,GA,FKT,AA,g72
100589,GA,FKT,AA,g72
100590,GA,FKT,AA,g72
100591,GA,NSA,FKT,g72
100592,GA,NSA,FKT,g72
100593,GA,NSA,FKT,g72
100594,GA,NSA,FKT,g72
100595,GA,NSA,FKT,g72
100596,GA,NSA,FKT,g72
100597,GA,NSA,FKT,g72
100598,GA,NSA,FKT,g72
100599,GA,NSA,FKT,g72
100600,GA,NSA,FKT,g72
100601,GA,NSA,FKT,g72
100602,GA,NSA,FKT,g72
100603,GA,NSA,FKT,g72
100604,GA,NSA,FKT,g72
100605,GA,NSA,FKT,g72
100606,GA,NSA,FKT,g72
100607,GA,NSA,FKT,g72
100608,GA,NSA,FKT,g72
100609,GA,NSA,FKT,g72
100610,GA,NSA,FKT,g72
100611,GA,NSA,FKT,g72
100612,GA,NSA,FKT,g72
100613,GA,NSA,FKT,g72
100614,GA,NSA,FKT,g72
100615,GA,NSA,FKT,g72
100616,GA,NSA,FKT,g72
100617,GA,NSA,FKT,g72
100618,GA,NSA,FKT,g72
100619,GA,NSA,FKT,g72
100620,GA,NSA,FKT,g72
100621,GA,NSA,FKT,g72
100622,GA,NSA,FKT,g72
100623,GA,NSA,FKT,g72
100624,GA,NSA,FKT,g72
100625,GA,NSA,FKT,g72
100626,GA,NSA,FKT,g72
100627,GA,NSA,FKT,g72
100628,GA,NSA,FKT,g72
100629,GA,NSA,FKT,g72
100630,GA,NSA,FKT,g72
100631,GA,NSA,FKT,g72
100632,GA,NSA,FKT,g72
100633,GA,NSA,FKT,g72
100634,GA,NSA,FKT,g72
100635,GA,NSA,FKT,g72
100636,GA,NSA,FKT,g72
100637,GA,NSA,FKT,g72
100638,GA,NSA,FKT,g72
100639,GA,NSA,FKT,g72
100640,GA,NSA,FKT,g72
100641,GA,NSA,FKT,g72
100642,GA,NSA,FKT,g72
100643,GA,NSA,FKT,g72
100644,GA,NSA,FKT,g72
100645,GA,NSA,FKT,g72
100646,GA,NSA,FKT,g72
100647,GA,NSA,FKT,g72
100648,GA,NSA,FKT,g72
100649,GA,NSA,FKT,g72
100650,GA,NSA,FKT,g72
100651,GA,NSA,FKT,g72
100652,GA,NSA,FKT,g72
100653,GA,NSA,FKT,g72
100654,GA,NSA,FKT,g72
100655,GA,NSA,FKT,g72
100656,GA,NSA,FKT,g72
100657,GA,NSA,FKT,g72
100658,GA,NSA,FKT,g72
100659,GA,NSA,FKT,g72
100660,GA,NSA,FKT,g72
100661,GA,NSA,FKT,g72
100662,GA,NSA,FKT,g72
100663,GA,NSA,FKT,g72
100664,GA,NSA,FKT,g72
100665,GA,NSA,FKT,g72
100666,GA,NSA,FKT,g72
100667,GA,NSA,FKT,g72
100668,GA,NSA,FKT,g72
100669,GA,NSA,FKT,g72
100670,GA,NSA,FKT,g72
100671,GA,NSA,FKT,g72
100672,GA,NSA,FKT,g72
100673,GA,NSA,FKT,g72
100674,GA,NSA,FKT,g72
100675,GA,NSA,FKT,g72
100676,GA,NSA,FKT,g72
100677,GA,NSA,FKT,g72
100678,GA,NSA,FKT,g72
100679,GA,NSA,FKT,g72
100680,GA,NSA,FKT,g72
100681,GA,NSA,FKT,g72
100682,GA,NSA,FKT,g72
100683,GA,NSA,FKT,g72
100684,GA,NSA,FKT,g72
100685,GA,NSA,FKT,g72
100686,GA,NSA,FKT,g72
100687,GA,NSA,FKT,g72
100688,GA,NSA,FKT,g72
100689,GA,NSA,FKT,g72
100690,GA,NSA,FKT,g72
100691,GA,NSA,FKT,g72
100692,GA,NSA,FKT,g72
100693,GA,NSA,FKT,g72
100694,GA,NSA,FKT,g72
100695,GA,NSA,FKT,g72
100696,GA,NSA,FKT,g72
100697,GA,NSA,FKT,g72
100698,GA,NSA,FKT,g72
100699,GA,NSA,FKT,g72
100700,GA,NSA,FKT,g72
100701,GA,NSA,FKT,g72
100702,GA,NSA,FKT,g72
100703,GA,NSA,FKT,g72
100704,GA,NSA,FKT,g72
100705,GA,NSA,FKT,g72
100706,GA,NSA,FKT,g72
100707,GA,NSA,FKT,g72
100708,GA,NSA,FKT,g72
100709,GA,NSA,FKT,g72
100710,GA,NSA,FKT,g72
100711,GA,NSA,FKT,g72
100712,GA,NSA,FKT,g72
100713,GA,NSA,FKT,g72
100714,GA,NSA,FKT,g72
100715,GA,NSA,FKT,g72
100716,GA,NSA,FKT,g72
100717,GA,NSA,FKT,g72
100718,GA,NSA,FKT,g72
100719,GA,NSA,FKT,g72
100720,GA,NSA,FKT,g72
100721,GA,NSA,FKT,g72
100722,GA,NSA,FKT,g72
100723,GA,NSA,FKT,g72
100724,GA,NSA,FKT,g72
100725,GA,NSA,FKT,g72
100726,GA,NSA,FKT,g72
100727,GA,NSA,FKT,g72
100728,GA,NSA,FKT,g72
100729,GA,NSA,FKT,g72
100730,GA,NSA,FKT,g72
100731,GA,NSA,FKT,g72
100732,GA,NSA,FKT,g72
100733,GA,NSA,FKT,g72
100734,GA,NSA,FKT,g72
100735,GA,NSA,FKT,g72
100736,GA,NSA,FKT,g72
100737,GA,NSA,FKT,g72
100738,GA,NSA,FKT,g72
100739,GA,NSA,FKT,g72
100740,GA,NSA,FKT,g72
100741,GA,NSA,FKT,g72
100742,GA,NSA,FKT,g72
100743,GA,NSA,FKT,g72
100744,GA,NSA,FKT,g72
100745,GA,NSA,FKT,g72
100746,GA,NSA,FKT,g72
100747,GA,NSA,FKT,g72
100748,GA,NSA,FKT,g72
100749,GA,NSA,FKT,g72
100750,GA,NSA,FKT,g72
100751,GA,NSA,FKT,g72
100752,GA,NSA,FKT,g72
100753,GA,NSA,FKT,g72
100754,GA,NSA,FKT,g72
100755,GA,NSA,FKT,g72
100756,GA,NSA,FKT,g72
100757,GA,NSA,FKT,g72
100758,GA,NSA,FKT,g72
100759,GA,NSA,FKT,g72
100760,GA,NSA,FKT,g72
100761,GA,NSA,FKT,g72
100762,GA,NSA,FKT,g72
100763,GA,NSA,FKT,g72
100764,GA,NSA,FKT,g72
100765,GA,NSA,FKT,g72
100766,GA,NSA,FKT,g72
100767,GA,NSA,FKT,g72
100768,GA,NSA,FKT,g72
100769,GA,NSA,FKT,g72
100770,GA,NSA,FKT,g72
100771,GA,NSA,FKT,g72
100772,GA,NSA,FKT,g72
100773,GA,NSA,FKT,g72
100774,GA,NSA,FKT,g72
100775,GA,NSA,FKT,g72
100776,GA,NSA,FKT,g72
100777,GA,NSA,FKT,g72
100778,GA,NSA,FKT,g72
100779,GA,NSA,FKT,g72
100780,GA,NSA,FKT,g72
100781,GA,NSA,FKT,g72
100782,GA,NSA,FKT,g72
100783,GA,NSA,FKT,g72
100784,GA,NSA,FKT,g72
100785,GA,NSA,FKT,g72
100786,GA,NSA,FKT,g72
100787,GA,NSA,FKT,g72
100788,GA,NSA,FKT,g72
100789,GA,NSA,FKT,g72
100790,GA,NSA,FKT,g72
100791,GA,NSA,FKT,g72
100792,GA,NSA,FKT,g72
100793,GA,NSA,FKT,g72
100794,GA,NSA,FKT,g72
100795,GA,NSA,FKT,g72
100796,GA,NSA,FKT,g72
100797,GA,NSA,FKT,g72
100798,GA,NSA,FKT,g72
100799,GA,NSA,FKT,g72
100800,GA,NSA,FKT,g72
100801,GA,NSA,FKT,g72
100802,GA,NSA,FKT,g72
100803,GA,NSA,FKT,g72
100804,GA,NSA,FKT,g72
100805,GA,NSA,FKT,g72
100806,GA,NSA,FKT,g72
100807,GA,NSA,FKT,g72
100808,GA,NSA,FKT,g72
100809,GA,NSA,FKT,g72
100810,GA,NSA,FKT,g72
100811,GA,NSA,FKT,g72
100812,GA,NSA,FKT,g72
100813,GA,NSA,FKT,g72
100814,GA,NSA,FKT,g72
100815,GA,NSA,FKT,g72
100816,GA,NSA,FKT,g72
100817,GA,NSA,FKT,g72
100818,GA,NSA,FKT,g72
100819,GA,NSA,FKT,g72
100820,GA,NSA,FKT,g72
100821,GA,NSA,FKT,g72
100822,GA,NSA,FKT,g72
100823,GA,NSA,FKT,g72
100824,GA,NSA,FKT,g72
100825,GA,NSA,FKT,g72
100826,GA,NSA,FKT,g72
100827,GA,NSA,FKT,g72
100828,GA,NSA,FKT,g72
100829,GA,NSA,FKT,g72
100830,GA,NSA,FKT,g72
100831,GA,NSA,FKT,g72
100832,GA,NSA,FKT,g72
100833,GA,NSA,FKT,g72
100834,GA,NSA,FKT,g72
100835,GA,NSA,FKT,g72
100836,GA,NSA,FKT,g72
100837,GA,NSA,FKT,g72
100838,GA,NSA,FKT,g72
100839,GA,NSA,FKT,g72
100840,GA,NSA,FKT,g72
100841,GA,NSA,FKT,g72
100842,GA,NSA,FKT,g72
100843,GA,NSA,FKT,g72
100844,GA,NSA,FKT,g72
100845,GA,NSA,FKT,g72
100846,GA,NSA,FKT,g72
100847,GA,NSA,FKT,g72
100848,GA,NSA,FKT,g72
100849,GA,NSA,FKT,g72
100850,GA,NSA,FKT,g72
100851,GA,NSA,FKT,g72
100852,GA,NSA,FKT,g72
100853,GA,NSA,FKT,g72
100854,GA,NSA,FKT,g72
100855,GA,NSA,FKT,g72
100856,GA,NSA,FKT,g72
100857,GA,NSA,FKT,g72
100858,GA,NSA,FKT,g72
100859,GA,NSA,FKT,g72
100860,GA,NSA,FKT,g72
100861,GA,NSA,FKT,g72
100862,GA,NSA,FKT,g72
100863,GA,NSA,FKT,g72
100864,GA,NSA,FKT,g72
100865,GA,NSA,FKT,g72
100866,GA,NSA,FKT,g72
100867,GA,NSA,FKT,g72
100868,GA,NSA,FKT,g72
100869,GA,NSA,FKT,g72
100870,GA,NSA,FKT,g72
100871,GA,NSA,FKT,g72
100872,GA,NSA,FKT,g72
100873,GA,NSA,FKT,g72
100874,GA,NSA,FKT,g72
100875,GA,NSA,FKT,g72
100876,GA,NSA,FKT,g72
100877,GA,NSA,FKT,g72
100878,GA,NSA,FKT,g72
100879,GA,NSA,FKT,g72
100880,GA,NSA,FKT,g72
100881,GA,NSA,FKT,g72
100882,GA,NSA,FKT,g72
100883,GA,NSA,FKT,g72
100884,GA,NSA,FKT,g72
100885,GA,NSA,FKT,g72
100886,GA,NSA,FKT,g72
100887,GA,NSA,FKT,g72
100888,GA,NSA,FKT,g72
100889,GA,NSA,FKT,g72
100890,GA,NSA,FKT,g72
100891,GA,NSA,FKT,g72
100892,GA,NSA,FKT,g72
100893,GA,NSA,FKT,g72
100894,GA,NSA,FKT,g72
100895,GA,NSA,FKT,g72
100896,GA,NSA,FKT,g72
100897,GA,NSA,FKT,g72
100898,GA,NSA,FKT,g72
100899,GA,NSA,FKT,g72
100900,GA,NSA,FKT,g72
100901,GA,NSA,FKT,g72
100902,GA,NSA,FKT,g72
100903,GA,NSA,FKT,g72
100904,GA,NSA,FKT,g72
100905,GA,NSA,FKT,g72
100906,GA,NSA,FKT,g72
100907,GA,NSA,FKT,g72
100908,GA,NSA,FKT,g72
100909,GA,NSA,FKT,g72
100910,GA,NSA,FKT,g72
100911,GA,NSA,FKT,g72
100912,GA,NSA,FKT,g72
100913,GA,NSA,FKT,g72
100914,GA,NSA,FKT,g72
100915,GA,NSA,FKT,g72
100916,GA,NSA,FKT,g72
100917,GA,NSA,FKT,g72
100918,GA,NSA,FKT,g72
100919,GA,NSA,FKT,g72
100920,GA,NSA,FKT,g72
100921,GA,NSA,FKT,g72
100922,GA,NSA,FKT,g72
100923,GA,NSA,FKT,g72
100924,GA,NSA,FKT,g72
100925,GA,NSA,FKT,g72
100926,GA,NSA,FKT,g72
100927,GA,NSA,FKT,g72
100928,GA,NSA,FKT,g72
100929,GA,NSA,FKT,g72
100930,GA,NSA,FKT,g72
100931,GA,NSA,FKT,g72
100932,GA,NSA,FKT,g72
100933,GA,NSA,FKT,g72
100934,GA,NSA,FKT,g72
100935,GA,NSA,FKT,g72
100936,GA,NSA,FKT,g72
100937,GA,NSA,FKT,g72
100938,GA,NSA,FKT,g72
100939,GA,NSA,FKT,g72
100940,GA,NSA,FKT,g72
100941,GA,NSA,FKT,g72
100942,GA,NSA,FKT,g72
100943,GA,NSA,FKT,g72
100944,GA,NSA,FKT,g72
100945,GA,NSA,FKT,g72
100946,GA,NSA,FKT,g72
100947,GA,NSA,FKT,g72
100948,GA,NSA,FKT,g72
100949,GA,NSA,FKT,g72
100950,GA,NSA,FKT,g72
100951,GA,NSA,FKT,g72
100952,GA,NSA,FKT,g72
100953,GA,NSA,FKT,g72
100954,GA,NSA,FKT,g72
100955,GA,NSA,FKT,g72
100956,GA,NSA,FKT,g72
100957,GA,NSA,FKT,g72
100958,GA,NSA,FKT,g72
100959,GA,NSA,FKT,g72
100960,GA,NSA,FKT,g72
100961,GA,NSA,FKT,g72
100962,GA,NSA,FKT,g72
100963,GA,NSA,FKT,g72
100964,GA,NSA,FKT,g72
100965,GA,NSA,FKT,g72
100966,GA,NSA,FKT,g72
100967,GA,NSA,FKT,g72
100968,GA,NSA,FKT,g72
100969,GA,NSA,FKT,g72
100970,GA,NSA,FKT,g72
100971,GA,NSA,FKT,g72
100972,GA,NSA,FKT,g72
100973,GA,NSA,FKT,g72
100974,GA,NSA,FKT,g72
100975,GA,NSA,FKT,g72
100976,GA,NSA,FKT,g72
100977,GA,NSA,FKT,g72
100978,GA,NSA,FKT,g72
100979,GA,NSA,FKT,g72
100980,GA,NSA,FKT,g72
100981,GA,NSA,FKT,g72
100982,GA,NSA,FKT,g72
100983,GA,NSA,FKT,g72
100984,GA,NSA,FKT,g72
100985,GA,NSA,FKT,g72
100986,GA,NSA,FKT,g72
100987,GA,NSA,FKT,g72
100988,GA,NSA,FKT,g72
100989,GA,NSA,FKT,g72
100990,GA,NSA,FKT,g72
100991,GA,NSA,FKT,g72
100992,GA,NSA,FKT,g72
100993,GA,NSA,FKT,g72
100994,GA,NSA,FKT,g72
100995,GA,NSA,FKT,g72
100996,GA,NSA,FKT,g72
100997,GA,NSA,FKT,g72
100998,GA,NSA,FKT,g72
100999,GA,NSA,FKT,g72
101000,GA,NSA,FKT,g72
101001,GA,NSA,FKT,g72
101002,GA,NSA,FKT,g72
101003,GA,NSA,FKT,g72
101004,GA,NSA,FKT,g72
101005,GA,NSA,FKT,g72
101006,GA,NSA,FKT,g72
101007,GA,NSA,FKT,g72
101008,GA,NSA,FKT,g72
101009,GA,NSA,FKT,g72
101010,GA,NSA,FKT,g72
101011,GA,NSA,FKT,g72
101012,GA,NSA,FKT,g72
101013,GA,NSA,FKT,g72
101014,GA,NSA,FKT,g72
101015,GA,NSA,FKT,g72
101016,GA,NSA,FKT,g72
101017,GA,NSA,FKT,g72
101018,GA,NSA,FKT,g72
101019,GA,NSA,FKT,g72
101020,GA,NSA,FKT,g72
101021,GA,NSA,FKT,g72
101022,GA,NSA,FKT,g72
101023,GA,NSA,FKT,g72
101024,GA,NSA,FKT,g72
101025,GA,NSA,FKT,g72
101026,GA,NSA,FKT,g72
101027,GA,NSA,FKT,g72
101028,GA,NSA,FKT,g72
101029,GA,NSA,FKT,g72
101030,GA,NSA,FKT,g72
101031,GA,NSA,FKT,g72
101032,GA,NSA,FKT,g72
101033,GA,NSA,FKT,g72
101034,GA,NSA,FKT,g72
101035,GA,NSA,FKT,g72
101036,GA,NSA,FKT,g72
101037,GA,NSA,FKT,g72
101038,GA,NSA,FKT,g72
101039,GA,NSA,FKT,g72
101040,GA,NSA,FKT,g72
101041,GA,NSA,FKT,g72
101042,GA,NSA,FKT,g72
101043,GA,NSA,FKT,g72
101044,GA,NSA,FKT,g72
101045,GA,NSA,FKT,g72
101046,GA,NSA,FKT,g72
101047,GA,NSA,FKT,g72
101048,GA,NSA,FKT,g72
101049,GA,NSA,FKT,g72
101050,GA,NSA,FKT,g72
101051,GA,NSA,FKT,g72
101052,GA,NSA,FKT,g72
101053,GA,NSA,FKT,g72
101054,GA,NSA,FKT,g72
101055,GA,NSA,FKT,g72
101056,GA,NSA,FKT,g72
101057,GA,NSA,FKT,g72
101058,GA,NSA,FKT,g72
101059,GA,NSA,FKT,g72
101060,GA,NSA,FKT,g72
101061,GA,NSA,FKT,g72
101062,GA,NSA,FKT,g72
101063,GA,NSA,FKT,g72
101064,GA,NSA,FKT,g72
101065,GA,NSA,FKT,g72
101066,GA,NSA,FKT,g72
101067,GA,NSA,FKT,g72
101068,GA,NSA,FKT,g72
101069,GA,NSA,FKT,g72
101070,GA,NSA,FKT,g72
101071,GA,NSA,FKT,g72
101072,GA,NSA,FKT,g72
101073,GA,NSA,FKT,g72
101074,GA,NSA,FKT,g72
101075,GA,NSA,FKT,g72
101076,GA,NSA,FKT,g72
101077,GA,NSA,FKT,g72
101078,GA,NSA,FKT,g72
101079,GA,NSA,FKT,g72
101080,GA,NSA,FKT,g72
101081,GA,NSA,FKT,g72
101082,GA,NSA,FKT,g72
101083,GA,NSA,FKT,g72
101084,GA,NSA,FKT,g72
101085,GA,NSA,FKT,g72
101086,GA,NSA,FKT,g72
101087,GA,NSA,FKT,g72
101088,GA,NSA,FKT,g72
101089,GA,NSA,FKT,g72
101090,GA,NSA,FKT,g72
101091,GA,NSA,FKT,g72
101092,GA,NSA,FKT,g72
101093,GA,NSA,FKT,g72
101094,GA,NSA,FKT,g72
101095,GA,NSA,FKT,g72
101096,GA,NSA,FKT,g72
101097,GA,NSA,FKT,g72
101098,GA,NSA,FKT,g72
101099,GA,NSA,FKT,g72
101100,GA,NSA,FKT,g72
101101,GA,NSA,FKT,g72
101102,GA,NSA,FKT,g72
101103,GA,NSA,FKT,g72
101104,GA,NSA,FKT,g72
101105,GA,NSA,FKT,g72
101106,GA,NSA,FKT,g72
101107,GA,NSA,FKT,g72
101108,GA,NSA,FKT,g72
101109,GA,NSA,FKT,g72
101110,GA,NSA,FKT,g72
101111,GA,NSA,FKT,g72
101112,GA,NSA,FKT,g72
101113,GA,NSA,FKT,g72
101114,GA,NSA,FKT,g72
101115,GA,NSA,FKT,g72
101116,GA,NSA,FKT,g72
101117,GA,NSA,FKT,g72
101118,GA,NSA,FKT,g72
101119,GA,NSA,FKT,g72
101120,GA,NSA,FKT,g72
101121,GA,NSA,FKT,g72
101122,GA,NSA,FKT,g72
101123,GA,NSA,FKT,g72
101124,GA,NSA,FKT,g72
101125,GA,NSA,FKT,g72
101126,GA,NSA,FKT,g72
101127,GA,NSA,FKT,g72
101128,GA,NSA,FKT,g72
101129,GA,NSA,FKT,g72
101130,GA,NSA,FKT,g72
101131,GA,NSA,FKT,g72
101132,GA,NSA,FKT,g72
101133,GA,NSA,FKT,g72
101134,GA,NSA,FKT,g72
101135,GA,NSA,FKT,g72
101136,GA,NSA,FKT,g72
101137,GA,NSA,FKT,g72
101138,GA,NSA,FKT,g72
101139,GA,NSA,FKT,g72
101140,GA,NSA,FKT,g72
101141,GA,NSA,FKT,g72
101142,GA,NSA,AMP,g72
101143,GA,NSA,AMP,g72
101144,GA,NSA,AMP,g72
101145,GA,NSA,AMP,g72
101146,GA,NSA,AMP,g72
101147,GA,NSA,AMP,g72
101148,GA,NSA,AMP,g72
101149,GA,NSA,AMP,g72
101150,GA,NSA,AMP,g72
101151,GA,NSA,AMP,g72
101152,GA,NSA,AMP,g72
101153,GA,NSA,AMP,g72
101154,GA,NSA,AMP,g72
101155,GA,NSA,AMP,g72
101156,GA,NSA,AMP,g72
101157,GA,NSA,AMP,g72
101158,GA,NSA,AMP,g72
101159,GA,NSA,AMP,g72
101160,GA,NSA,AMP,g72
101161,GA,NSA,AMP,g72
101162,GA,NSA,AMP,g72
101163,GA,NSA,AMP,g72
101164,GA,NSA,AMP,g72
101165,GA,NSA,AMP,g72
101166,GA,NSA,AMP,g72
101167,GA,NSA,AMP,g72
101168,GA,NSA,AMP,g72
101169,GA,NSA,AMP,g72
101170,GA,NSA,AMP,g72
101171,GA,NSA,AMP,g72
101172,GA,NSA,AMP,g72
101173,GA,NSA,AMP,g72
101174,GA,NSA,AMP,g72
101175,GA,NSA,AMP,g72
101176,GA,NSA,AMP,g72
101177,GA,NSA,AMP,g72
101178,GA,NSA,AMP,g72
101179,GA,NSA,AMP,g72
101180,GA,NSA,AMP,g72
101181,GA,NSA,AMP,g72
101182,GA,NSA,AMP,g72
101183,GA,NSA,AMP,g72
101184,GA,NSA,AMP,g72
101185,GA,NSA,AMP,g72
101186,GA,NSA,AMP,g72
101187,GA,NSA,AMP,g72
101188,GA,NSA,AMP,g72
101189,GA,NSA,AMP,g72
101190,GA,NSA,AMP,g72
101191,GA,NSA,AMP,g72
101192,GA,NSA,AMP,g72
101193,GA,NSA,AMP,g72
101194,GA,NSA,AMP,g72
101195,GA,NSA,AMP,g72
101196,GA,NSA,AMP,g72
101197,GA,NSA,AMP,g72
101198,GA,NSA,AMP,g72
101199,GA,NSA,AMP,g72
101200,GA,NSA,AMP,g72
101201,GA,NSA,AMP,g72
101202,GA,NSA,AMP,g72
101203,GA,NSA,AMP,g72
101204,GA,NSA,AMP,g72
101205,GA,NSA,AMP,g72
101206,GA,NSA,AMP,g72
101207,GA,NSA,AMP,g72
101208,GA,NSA,AMP,g72
101209,GA,NSA,AMP,g72
101210,GA,NSA,AMP,g72
101211,GA,NSA,AMP,g72
101212,GA,NSA,AMP,g72
101213,GA,NSA,AMP,g72
101214,GA,NSA,AMP,g72
101215,GA,NSA,AMP,g72
101216,GA,NSA,AMP,g72
101217,GA,NSA,AMP,g72
101218,GA,NSA,AMP,g72
101219,GA,NSA,AMP,g72
101220,GA,NSA,AMP,g72
101221,GA,NSA,AMP,g72
101222,GA,NSA,AMP,g72
101223,GA,NSA,AMP,g72
101224,GA,NSA,AMP,g72
101225,GA,NSA,AMP,g72
101226,GA,NSA,AMP,g72
101227,GA,NSA,AMP,g72
101228,GA,NSA,AMP,g72
101229,GA,NSA,AMP,g72
101230,GA,NSA,AMP,g72
101231,GA,NSA,AMP,g72
101232,GA,NSA,AMP,g72
101233,GA,NSA,AMP,g72
101234,GA,NSA,AMP,g72
101235,GA,NSA,AMP,g72
101236,GA,NSA,AMP,g72
101237,GA,NSA,AMP,g72
101238,GA,NSA,AMP,g72
101239,GA,NSA,AMP,g72
101240,GA,NSA,AMP,g72
101241,GA,NSA,AMP,g72
101242,GA,NSA,AMP,g72
101243,GA,NSA,AMP,g72
101244,GA,NSA,AMP,g72
101245,GA,NSA,AMP,g72
101246,GA,NSA,AMP,g72
101247,GA,NSA,AMP,g72
101248,GA,NSA,AMP,g72
101249,GA,NSA,AMP,g72
101250,GA,NSA,AMP,g72
101251,GA,NSA,AMP,g72
101252,GA,NSA,AMP,g72
101253,GA,NSA,AMP,g72
101254,GA,NSA,AMP,g72
101255,GA,NSA,AMP,g72
101256,GA,NSA,AMP,g72
101257,GA,NSA,AMP,g72
101258,GA,NSA,AMP,g72
101259,GA,NSA,AMP,g72
101260,GA,NSA,AMP,g72
101261,GA,NSA,AMP,g72
101262,GA,NSA,AMP,g72
101263,GA,NSA,AMP,g72
101264,GA,NSA,AMP,g72
101265,GA,NSA,AMP,g72
101266,GA,NSA,AMP,g72
101267,GA,NSA,AMP,g72
101268,GA,NSA,AMP,g72
101269,GA,NSA,AMP,g72
101270,GA,NSA,AMP,g72
101271,GA,NSA,AMP,g72
101272,GA,NSA,AMP,g72
101273,GA,NSA,AMP,g72
101274,GA,NSA,AMP,g72
101275,GA,NSA,AMP,g72
101276,GA,NSA,AMP,g72
101277,GA,NSA,AMP,g72
101278,GA,NSA,AMP,g72
101279,GA,NSA,AMP,g72
101280,GA,NSA,AMP,g72
101281,GA,NSA,AMP,g72
101282,GA,NSA,AMP,g72
101283,GA,NSA,AMP,g72
101284,GA,NSA,AMP,g72
101285,GA,NSA,AMP,g72
101286,GA,NSA,AMP,g72
101287,GA,NSA,AMP,g72
101288,GA,NSA,AMP,g72
101289,GA,NSA,AMP,g72
101290,GA,NSA,AMP,g72
101291,GA,NSA,AMP,g72
101292,GA,NSA,AMP,g72
101293,GA,NSA,AMP,g72
101294,GA,NSA,AMP,g72
101295,GA,NSA,AMP,g72
101296,GA,NSA,AMP,g72
101297,GA,NSA,AMP,g72
101298,GA,NSA,AMP,g72
101299,GA,NSA,AMP,g72
101300,GA,NSA,AMP,g72
101301,GA,NSA,AMP,g72
101302,GA,NSA,AMP,g72
101303,GA,NSA,AMP,g72
101304,GA,NSA,AMP,g72
101305,GA,NSA,AMP,g72
101306,GA,NSA,AMP,g72
101307,GA,NSA,AMP,g72
101308,GA,NSA,AMP,g72
101309,GA,NSA,AMP,g72
101310,GA,NSA,AMP,g72
101311,GA,NSA,AMP,g72
101312,GA,NSA,AMP,g72
101313,GA,NSA,AMP,g72
101314,GA,NSA,AMP,g72
101315,GA,NSA,AMP,g72
101316,GA,NSA,AMP,g72
101317,GA,NSA,AMP,g72
101318,GA,NSA,AMP,g72
101319,GA,NSA,AMP,g72
101320,GA,NSA,AMP,g72
101321,GA,NSA,AMP,g72
101322,GA,NSA,AMP,g72
101323,GA,NSA,AMP,g72
101324,GA,NSA,AMP,g72
101325,GA,NSA,AMP,g72
101326,GA,NSA,AMP,g72
101327,GA,NSA,AMP,g72
101328,GA,NSA,AMP,g72
101329,GA,NSA,AMP,g72
101330,GA,NSA,AMP,g72
101331,GA,NSA,AMP,g72
101332,GA,NSA,AMP,g72
101333,GA,NSA,AMP,g72
101334,GA,AMP,FKT,g72
101335,GA,AMP,FKT,g72
101336,GA,AMP,FKT,g72
101337,GA,AMP,FKT,g72
101338,GA,AMP,FKT,g72
101339,GA,AMP,FKT,g72
101340,GA,AMP,FKT,g72
101341,GA,AMP,FKT,g72
101342,GA,AMP,FKT,g72
101343,GA,AMP,FKT,g72
101344,GA,AMP,FKT,g72
101345,GA,AMP,FKT,g72
101346,GA,AMP,FKT,g72
101347,GA,AMP,FKT,g72
101348,GA,AMP,FKT,g72
101349,GA,AMP,FKT,g72
101350,GA,AMP,FKT,g72
101351,GA,AMP,FKT,g72
101352,GA,AMP,FKT,g72
101353,GA,AMP,FKT,g72
101354,GA,AMP,FKT,g72
101355,GA,AMP,FKT,g72
101356,GA,AMP,FKT,g72
101357,GA,AMP,FKT,g72
101358,GA,AMP,FKT,g72
101359,GA,AMP,FKT,g72
101360,GA,AMP,FKT,g72
101361,GA,AMP,FKT,g72
101362,GA,AMP,FKT,g72
101363,GA,AMP,FKT,g72
101364,GA,AMP,NSA,g72
101365,GA,AMP,NSA,g72
101366,GA,AMP,NSA,g72
101367,GA,AMP,NSA,g72
101368,GA,AMP,NSA,g72
101369,GA,AMP,NSA,g72
101370,GA,AMP,NSA,g72
101371,GA,AMP,NSA,g72
101372,GA,AMP,NSA,g72
101373,GA,AMP,NSA,g72
101374,GA,AMP,NSA,g72
101375,GA,AMP,NSA,g72
101376,GA,AMP,NSA,g72
101377,GA,AMP,NSA,g72
101378,GA,AMP,NSA,g72
101379,GA,AMP,NSA,g72
101380,GA,AMP,NSA,g72
101381,GA,AMP,NSA,g72
101382,GA,AMP,NSA,g72
101383,GA,AMP,NSA,g72
101384,GA,AMP,NSA,g72
101385,GA,AMP,NSA,g72
101386,GA,AMP,NSA,g72
101387,GA,AMP,NSA,g72
101388,GA,AMP,NSA,g72
101389,GA,AMP,NSA,g72
101390,GA,AMP,NSA,g72
101391,GA,AMP,NSA,g72
101392,GA,AMP,NSA,g72
101393,GA,AMP,NSA,g72
101394,GA,AMP,NSA,g72
101395,GA,AMP,NSA,g72
101396,GA,AMP,NSA,g72
101397,GA,AMP,NSA,g72
101398,GA,AMP,NSA,g72
101399,GA,AMP,NSA,g72
101400,GA,AMP,NSA,g72
101401,GA,AMP,NSA,g72
101402,GA,AMP,NSA,g72
101403,GA,AMP,NSA,g72
101404,GA,AMP,NSA,g72
101405,GA,AMP,NSA,g72
101406,GA,AMP,NSA,g72
101407,GA,AMP,NSA,g72
101408,GA,AMP,NSA,g72
101409,GA,AMP,NSA,g72
101410,GA,AMP,NSA,g72
101411,GA,AMP,NSA,g72
101412,GA,AMP,NSA,g72
101413,GA,AMP,NSA,g72
101414,GA,AMP,NSA,g72
101415,GA,AMP,NSA,g72
101416,GA,AMP,NSA,g72
101417,GA,AMP,NSA,g72
101418,GA,AMP,NSA,g72
101419,GA,AMP,NSA,g72
101420,GA,AMP,NSA,g72
101421,GA,AMP,NSA,g72
101422,GA,AMP,NSA,g72
101423,GA,AMP,NSA,g72
101424,GA,AMP,NSA,g72
101425,GA,AMP,NSA,g72
101426,GA,AMP,NSA,g72
101427,GA,AMP,NSA,g72
101428,GA,AMP,NSA,g72
101429,GA,AMP,NSA,g72
101430,GA,AMP,NSA,g72
101431,GA,AMP,NSA,g72
101432,GA,AMP,NSA,g72
101433,GA,AMP,NSA,g72
101434,GA,AMP,NSA,g72
101435,GA,AMP,NSA,g72
101436,GA,AMP,NSA,g72
101437,GA,AMP,NSA,g72
101438,GA,AMP,NSA,g72
101439,GA,AMP,NSA,g72
101440,GA,AMP,NSA,g72
101441,GA,AMP,NSA,g72
101442,GA,AMP,NSA,g72
101443,GA,AMP,NSA,g72
101444,GA,AMP,NSA,g72
101445,GA,AMP,NSA,g72
101446,GA,AMP,NSA,g72
101447,GA,AMP,NSA,g72
101448,GA,AMP,NSA,g72
101449,GA,AMP,NSA,g72
101450,GA,AMP,NSA,g72
101451,GA,AMP,NSA,g72
101452,GA,AMP,NSA,g72
101453,GA,AMP,NSA,g72
101454,GA,AMP,NSA,g72
101455,GA,AMP,NSA,g72
101456,GA,AMP,NSA,g72
101457,GA,AMP,NSA,g72
101458,GA,AMP,NSA,g72
101459,GA,AMP,NSA,g72
101460,GA,AMP,NSA,g72
101461,GA,AMP,NSA,g72
101462,GA,AMP,NSA,g72
101463,GA,AMP,NSA,g72
101464,GA,AMP,NSA,g72
101465,GA,AMP,NSA,g72
101466,GA,AMP,NSA,g72
101467,GA,AMP,NSA,g72
101468,GA,AMP,NSA,g72
101469,GA,AMP,NSA,g72
101470,GA,AMP,NSA,g72
101471,GA,AMP,NSA,g72
101472,GA,AMP,NSA,g72
101473,GA,AMP,NSA,g72
101474,GA,AMP,NSA,g72
101475,GA,AMP,NSA,g72
101476,GA,AMP,NSA,g72
101477,GA,AMP,NSA,g72
101478,AA,FKT,NSA,t10
101479,AA,FKT,NSA,t10
101480,AA,FKT,NSA,t10
101481,AA,FKT,NSA,t10
101482,AA,FKT,NSA,t10
101483,AA,FKT,NSA,t10
101484,AA,FKT,NSA,t10
101485,AA,FKT,NSA,t10
101486,AA,FKT,NSA,t10
101487,AA,FKT,NSA,t10
101488,AA,FKT,NSA,t10
101489,AA,FKT,NSA,t10
101490,AA,FKT,NSA,t10
101491,AA,FKT,NSA,t10
101492,AA,FKT,NSA,t10
101493,AA,FKT,NSA,t10
101494,AA,FKT,NSA,t10
101495,AA,FKT,NSA,t10
101496,AA,FKT,NSA,t10
101497,AA,FKT,NSA,t10
101498,AA,FKT,NSA,t10
101499,AA,FKT,NSA,t10
101500,AA,FKT,NSA,t10
101501,AA,FKT,NSA,t10
101502,AA,FKT,NSA,t10
101503,AA,FKT,NSA,t10
101504,AA,FKT,NSA,t10
101505,AA,FKT,AMP,t10
101506,AA,FKT,AMP,t10
101507,AA,FKT,AMP,t10
101508,AA,FKT,AMP,t10
101509,AA,FKT,AMP,t10
101510,AA,FKT,AMP,t10
101511,AA,FKT,AMP,t10
101512,AA,FKT,AMP,t10
101513,AA,FKT,AMP,t10
101514,AA,FKT,AMP,t10
101515,AA,FKT,AMP,t10
101516,AA,FKT,AMP,t10
101517,AA,FKT,AMP,t10
101518,AA,FKT,AMP,t10
101519,AA,FKT,AMP,t10
101520,AA,FKT,AMP,t10
101521,AA,FKT,AMP,t10
101522,AA,FKT,AMP,t10
101523,AA,FKT,AMP,t10
101524,AA,FKT,AMP,t10
101525,AA,FKT,AMP,t10
101526,AA,FKT,AMP,t10
101527,AA,FKT,AMP,t10
101528,AA,FKT,AMP,t10
101529,AA,FKT,AMP,t10
101530,AA,FKT,AMP,t10
101531,AA,FKT,AMP,t10
101532,AA,FKT,AMP,t10
101533,AA,FKT,AMP,t10
101534,AA,FKT,AMP,t10
101535,AA,FKT,AMP,t10
101536,AA,FKT,AMP,t10
101537,AA,FKT,AMP,t10
101538,AA,FKT,AMP,t10
101539,AA,FKT,AMP,t10
101540,AA,FKT,AMP,t10
101541,AA,FKT,AMP,t10
101542,AA,FKT,AMP,t10
101543,AA,FKT,AMP,t10
101544,AA,FKT,AMP,t10
101545,AA,FKT,AMP,t10
101546,AA,FKT,AMP,t10
101547,AA,FKT,AMP,t10
101548,AA,FKT,AMP,t10
101549,AA,FKT,AMP,t10
101550,AA,FKT,AMP,t10
101551,AA,FKT,AMP,t10
101552,AA,FKT,AMP,t10
101553,AA,FKT,AMP,t10
101554,AA,FKT,AMP,t10
101555,AA,FKT,AMP,t10
101556,AA,FKT,AMP,t10
101557,AA,FKT,AMP,t10
101558,AA,FKT,AMP,t10
101559,AA,FKT,AMP,t10
101560,AA,FKT,AMP,t10
101561,AA,FKT,AMP,t10
101562,AA,FKT,AMP,t10
101563,AA,FKT,AMP,t10
101564,AA,FKT,AMP,t10
101565,AA,FKT,AMP,t10
101566,AA,FKT,AMP,t10
101567,AA,FKT,AMP,t10
101568,AA,FKT,AMP,t10
101569,AA,FKT,AMP,t10
101570,AA,FKT,AMP,t10
101571,AA,FKT,AMP,t10
101572,AA,FKT,AMP,t10
101573,AA,FKT,AMP,t10
101574,AA,FKT,AMP,t10
101575,AA,FKT,AMP,t10
101576,AA,FKT,AMP,t10
101577,AA,FKT,AMP,t10
101578,AA,FKT,AMP,t10
101579,AA,FKT,AMP,t10
101580,AA,FKT,AMP,t10
101581,AA,FKT,AMP,t10
101582,AA,FKT,AMP,t10
101583,AA,FKT,AMP,t10
101584,AA,FKT,AMP,t10
101585,AA,FKT,AMP,t10
101586,AA,FKT,AMP,t10
101587,AA,FKT,AMP,t10
101588,AA,FKT,AMP,t10
101589,AA,FKT,AMP,t10
101590,AA,FKT,AMP,t10
101591,AA,FKT,AMP,t10
101592,AA,FKT,AMP,t10
101593,AA,FKT,AMP,t10
101594,AA,FKT,AMP,t10
101595,AA,FKT,AMP,t10
101596,AA,FKT,AMP,t10
101597,AA,FKT,AMP,t10
101598,AA,FKT,AMP,t10
101599,AA,FKT,AMP,t10
101600,AA,FKT,AMP,t10
101601,AA,FKT,AMP,t10
101602,AA,FKT,AMP,t10
101603,AA,FKT,AMP,t10
101604,AA,FKT,AMP,t10
101605,AA,FKT,AMP,t10
101606,AA,FKT,AMP,t10
101607,AA,FKT,AMP,t10
101608,AA,FKT,AMP,t10
101609,AA,FKT,AMP,t10
101610,AA,FKT,AMP,t10
101611,AA,FKT,AMP,t10
101612,AA,FKT,AMP,t10
101613,AA,FKT,AMP,t10
101614,AA,FKT,AMP,t10
101615,AA,FKT,AMP,t10
101616,AA,FKT,AMP,t10
101617,AA,FKT,AMP,t10
101618,AA,FKT,AMP,t10
101619,AA,FKT,AMP,t10
101620,AA,FKT,AMP,t10
101621,AA,FKT,AMP,t10
101622,AA,FKT,AMP,t10
101623,AA,FKT,AMP,t10
101624,AA,FKT,AMP,t10
101625,AA,FKT,AMP,t10
101626,AA,FKT,AMP,t10
101627,AA,FKT,AMP,t10
101628,AA,FKT,AMP,t10
101629,AA,FKT,AMP,t10
101630,AA,FKT,AMP,t10
101631,AA,FKT,AMP,t10
101632,AA,FKT,AMP,t10
101633,AA,NSA,FKT,t10
101634,AA,NSA,FKT,t10
101635,AA,NSA,FKT,t10
101636,AA,NSA,FKT,t10
101637,AA,NSA,FKT,t10
101638,AA,NSA,FKT,t10
101639,AA,NSA,FKT,t10
101640,AA,NSA,FKT,t10
101641,AA,NSA,FKT,t10
101642,AA,NSA,FKT,t10
101643,AA,NSA,FKT,t10
101644,AA,NSA,FKT,t10
101645,AA,NSA,FKT,t10
101646,AA,NSA,FKT,t10
101647,AA,NSA,FKT,t10
101648,AA,NSA,FKT,t10
101649,AA,NSA,FKT,t10
101650,AA,NSA,FKT,t10
101651,AA,NSA,FKT,t10
101652,AA,NSA,FKT,t10
101653,AA,NSA,FKT,t10
101654,AA,NSA,FKT,t10
101655,AA,NSA,FKT,t10
101656,AA,NSA,FKT,t10
101657,AA,NSA,FKT,t10
101658,AA,NSA,FKT,t10
101659,AA,NSA,FKT,t10
101660,AA,NSA,FKT,t10
101661,AA,NSA,FKT,t10
101662,AA,NSA,FKT,t10
101663,AA,NSA,FKT,t10
101664,AA,NSA,FKT,t10
101665,AA,NSA,FKT,t10
101666,AA,NSA,FKT,t10
101667,AA,NSA,AMP,b23
101668,AA,NSA,AMP,b23
101669,AA,NSA,AMP,b23
101670,AA,NSA,AMP,b23
101671,AA,NSA,AMP,b23
101672,AA,NSA,AMP,b23
101673,AA,NSA,AMP,b23
101674,AA,NSA,AMP,b23
101675,AA,NSA,AMP,b23
101676,AA,NSA,AMP,b23
101677,AA,NSA,AMP,b23
101678,AA,NSA,AMP,b23
101679,AA,NSA,AMP,b23
101680,AA,NSA,AMP,b23
101681,AA,NSA,AMP,b23
101682,AA,NSA,AMP,b23
101683,AA,NSA,AMP,b23
101684,AA,NSA,AMP,b23
101685,AA,NSA,AMP,b23
101686,AA,NSA,AMP,b23
101687,AA,NSA,AMP,b23
101688,AA,NSA,AMP,b23
101689,AA,NSA,AMP,b23
101690,AA,NSA,AMP,b23
101691,AA,NSA,AMP,b23
101692,AA,NSA,AMP,b23
101693,AA,NSA,AMP,b23
101694,AA,NSA,AMP,b23
101695,AA,NSA,AMP,b23
101696,AA,NSA,AMP,b23
101697,AA,NSA,AMP,b23
101698,AA,NSA,AMP,b23
101699,AA,NSA,AMP,b23
101700,AA,NSA,AMP,b23
101701,AA,NSA,AMP,b23
101702,AA,NSA,AMP,b23
101703,AA,NSA,AMP,b23
101704,AA,NSA,AMP,b23
101705,AA,NSA,AMP,b23
101706,AA,NSA,AMP,b23
101707,AA,NSA,AMP,b23
101708,AA,NSA,AMP,b23
101709,AA,NSA,AMP,b23
101710,AA,NSA,AMP,b23
101711,AA,NSA,AMP,b23
101712,AA,NSA,AMP,b23
101713,AA,NSA,AMP,b23
101714,AA,NSA,AMP,b23
101715,AA,NSA,AMP,b23
101716,AA,NSA,AMP,b23
101717,AA,NSA,AMP,b23
101718,AA,NSA,AMP,b23
101719,AA,NSA,AMP,b23
101720,AA,NSA,AMP,b23
101721,AA,NSA,AMP,b23
101722,AA,NSA,AMP,b23
101723,AA,NSA,AMP,b23
101724,AA,NSA,AMP,b23
101725,AA,NSA,AMP,b23
101726,AA,NSA,AMP,b23
101727,AA,NSA,AMP,b23
101728,AA,NSA,AMP,b23
101729,AA,NSA,AMP,b23
101730,AA,NSA,AMP,b23
101731,AA,NSA,AMP,b23
101732,AA,NSA,AMP,b23
101733,AA,NSA,AMP,b23
101734,AA,NSA,AMP,b23
101735,AA,NSA,AMP,b23
101736,AA,NSA,AMP,b23
101737,AA,NSA,AMP,b23
101738,AA,NSA,AMP,b23
101739,AA,NSA,AMP,b23
101740,AA,NSA,AMP,b23
101741,AA,NSA,AMP,b23
101742,AA,NSA,AMP,b23
101743,AA,NSA,AMP,b23
101744,AA,NSA,AMP,b23
101745,AA,NSA,AMP,b23
101746,AA,NSA,AMP,b23
101747,AA,NSA,AMP,b23
101748,AA,NSA,AMP,b23
101749,AA,NSA,AMP,b23
101750,AA,NSA,AMP,b23
101751,AA,NSA,AMP,b23
101752,AA,NSA,AMP,b23
101753,AA,NSA,AMP,b23
101754,AA,NSA,AMP,b23
101755,AA,NSA,AMP,b23
101756,AA,NSA,AMP,b23
101757,AA,NSA,AMP,b23
101758,AA,NSA,AMP,b23
101759,AA,NSA,AMP,b23
101760,AA,NSA,AMP,b23
101761,AA,NSA,AMP,b23
101762,AA,NSA,AMP,b23
101763,AA,NSA,AMP,b23
101764,AA,NSA,AMP,b23
101765,AA,NSA,AMP,b23
101766,AA,NSA,AMP,b23
101767,AA,NSA,AMP,b23
101768,AA,NSA,AMP,b23
101769,AA,NSA,AMP,b23
101770,AA,NSA,AMP,b23
101771,AA,NSA,AMP,b23
101772,AA,NSA,AMP,b23
101773,AA,NSA,AMP,b23
101774,AA,NSA,AMP,b23
101775,AA,NSA,AMP,b23
101776,AA,NSA,AMP,b23
101777,AA,NSA,AMP,b23
101778,AA,NSA,AMP,b23
101779,AA,NSA,AMP,b23
101780,AA,NSA,AMP,b23
101781,AA,NSA,AMP,b23
101782,AA,NSA,AMP,b23
101783,AA,NSA,AMP,b23
101784,AA,NSA,AMP,b23
101785,AA,NSA,AMP,b23
101786,AA,NSA,AMP,b23
101787,AA,NSA,AMP,b23
101788,AA,NSA,AMP,b23
101789,AA,NSA,AMP,b23
101790,AA,AMP,FKT,t10
101791,AA,AMP,FKT,t10
101792,AA,AMP,FKT,t10
101793,AA,AMP,FKT,t10
101794,AA,AMP,FKT,t10
101795,AA,AMP,FKT,t10
101796,AA,AMP,FKT,t10
101797,AA,AMP,FKT,t10
101798,AA,AMP,FKT,t10
101799,AA,AMP,FKT,t10
101800,AA,AMP,FKT,t10
101801,AA,AMP,FKT,t10
101802,AA,AMP,FKT,t10
101803,AA,AMP,FKT,t10
101804,AA,AMP,FKT,t10
101805,AA,AMP,FKT,t10
101806,AA,AMP,FKT,t10
101807,AA,AMP,FKT,t10
101808,AA,AMP,FKT,t10
101809,AA,AMP,FKT,t10
101810,AA,AMP,FKT,t10
101811,AA,AMP,FKT,t10
101812,AA,AMP,FKT,t10
101813,AA,AMP,FKT,t10
101814,AA,AMP,FKT,t10
101815,AA,AMP,FKT,t10
101816,AA,AMP,FKT,t10
101817,AA,AMP,FKT,t10
101818,AA,AMP,FKT,t10
101819,AA,AMP,FKT,t10
101820,AA,AMP,FKT,t10
101821,AA,AMP,FKT,t10
101822,AA,AMP,FKT,t10
101823,AA,AMP,FKT,t10
101824,AA,AMP,FKT,t10
101825,AA,AMP,FKT,t10
101826,AA,AMP,FKT,t10
101827,AA,AMP,FKT,t10
101828,AA,AMP,FKT,t10
101829,AA,AMP,FKT,t10
101830,AA,AMP,FKT,t10
101831,AA,AMP,FKT,t10
101832,AA,AMP,FKT,t10
101833,AA,AMP,FKT,t10
101834,AA,AMP,FKT,t10
101835,AA,AMP,FKT,t10
101836,AA,AMP,FKT,t10
101837,AA,AMP,FKT,t10
101838,AA,AMP,FKT,t10
101839,AA,AMP,FKT,t10
101840,AA,AMP,FKT,t10
101841,AA,AMP,FKT,t10
101842,AA,AMP,FKT,t10
101843,AA,AMP,FKT,t10
101844,AA,AMP,FKT,t10
101845,AA,AMP,FKT,t10
101846,AA,AMP,FKT,t10
101847,AA,AMP,FKT,t10
101848,AA,AMP,FKT,t10
101849,AA,AMP,FKT,t10
101850,AA,AMP,FKT,t10
101851,AA,AMP,FKT,t10
101852,AA,AMP,FKT,t10
101853,AA,AMP,FKT,t10
101854,AA,AMP,FKT,t10
101855,AA,AMP,FKT,t10
101856,AA,AMP,FKT,t10
101857,AA,AMP,FKT,t10
101858,AA,AMP,FKT,t10
101859,AA,AMP,FKT,t10
101860,AA,AMP,FKT,t10
101861,AA,AMP,FKT,t10
101862,AA,AMP,FKT,t10
101863,AA,AMP,FKT,t10
101864,AA,AMP,FKT,t10
101865,AA,AMP,FKT,t10
101866,AA,AMP,FKT,t10
101867,AA,AMP,FKT,t10
101868,AA,AMP,FKT,t10
101869,AA,AMP,FKT,t10
101870,AA,AMP,FKT,t10
101871,AA,AMP,FKT,t10
101872,AA,AMP,FKT,t10
101873,AA,AMP,FKT,t10
101874,AA,AMP,FKT,t10
101875,AA,AMP,FKT,t10
101876,AA,AMP,FKT,t10
101877,AA,AMP,FKT,t10
101878,AA,AMP,FKT,t10
101879,AA,AMP,FKT,t10
101880,AA,AMP,FKT,t10
101881,AA,AMP,FKT,t10
101882,AA,AMP,FKT,t10
101883,AA,AMP,FKT,t10
101884,AA,AMP,FKT,t10
101885,AA,AMP,FKT,t10
101886,AA,AMP,FKT,t10
101887,AA,AMP,FKT,t10
101888,AA,AMP,FKT,t10
101889,AA,AMP,FKT,t10
101890,AA,AMP,FKT,t10
101891,AA,AMP,FKT,t10
101892,AA,AMP,FKT,t10
101893,AA,AMP,FKT,t10
101894,AA,AMP,FKT,t10
101895,AA,AMP,FKT,t10
101896,AA,AMP,FKT,t10
101897,AA,AMP,FKT,t10
101898,AA,AMP,FKT,t10
101899,AA,AMP,FKT,t10
101900,AA,AMP,FKT,t10
101901,AA,AMP,FKT,t10
101902,AA,AMP,FKT,t10
101903,AA,AMP,FKT,t10
101904,AA,AMP,FKT,t10
101905,AA,AMP,FKT,t10
101906,AA,AMP,FKT,t10
101907,AA,AMP,FKT,t10
101908,AA,AMP,FKT,t10
101909,AA,AMP,FKT,t10
101910,AA,AMP,FKT,t10
101911,AA,AMP,FKT,t10
101912,AA,AMP,FKT,t10
101913,AA,AMP,FKT,t10
101914,AA,AMP,FKT,t10
101915,AA,AMP,FKT,t10
101916,AA,AMP,FKT,t10
101917,AA,AMP,FKT,t10
101918,AA,AMP,FKT,t10
101919,AA,AMP,FKT,t10
101920,AA,AMP,FKT,t10
101921,AA,AMP,FKT,t10
101922,AA,AMP,FKT,t10
101923,AA,AMP,FKT,t10
101924,AA,AMP,FKT,t10
101925,AA,AMP,FKT,t10
101926,AA,AMP,FKT,t10
101927,AA,AMP,FKT,t10
101928,AA,AMP,FKT,t10
101929,AA,AMP,FKT,t10
101930,AA,AMP,FKT,t10
101931,AA,AMP,FKT,t10
101932,AA,AMP,FKT,t10
101933,AA,AMP,FKT,t10
101934,AA,AMP,FKT,t10
101935,AA,AMP,FKT,t10
101936,AA,AMP,FKT,t10
101937,AA,AMP,FKT,t10
101938,AA,AMP,FKT,t10
101939,AA,AMP,FKT,t10
101940,AA,AMP,FKT,t10
101941,AA,AMP,FKT,t10
101942,AA,AMP,FKT,t10
101943,AA,AMP,FKT,t10
101944,AA,AMP,FKT,t10
101945,AA,AMP,FKT,t10
101946,AA,AMP,FKT,t10
101947,AA,AMP,FKT,t10
101948,AA,AMP,FKT,t10
101949,AA,AMP,FKT,t10
101950,AA,AMP,FKT,t10
101951,AA,AMP,FKT,t10
101952,AA,AMP,FKT,t10
101953,AA,AMP,FKT,t10
101954,AA,AMP,FKT,t10
101955,AA,AMP,FKT,t10
101956,AA,AMP,FKT,t10
101957,AA,AMP,FKT,t10
101958,AA,AMP,FKT,t10
101959,AA,AMP,FKT,t10
101960,AA,AMP,FKT,t10
101961,AA,AMP,FKT,t10
101962,AA,AMP,FKT,t10
101963,AA,AMP,FKT,t10
101964,AA,AMP,FKT,t10
101965,AA,AMP,FKT,t10
101966,AA,AMP,FKT,t10
101967,AA,AMP,FKT,t10
101968,AA,AMP,FKT,t10
101969,AA,AMP,FKT,t10
101970,AA,AMP,FKT,t10
101971,AA,AMP,FKT,t10
101972,AA,AMP,FKT,t10
101973,AA,AMP,FKT,t10
101974,AA,AMP,FKT,t10
101975,AA,AMP,FKT,t10
101976,AA,AMP,FKT,t10
101977,AA,AMP,FKT,t10
101978,AA,AMP,FKT,t10
101979,AA,AMP,FKT,t10
101980,AA,AMP,FKT,t10
101981,AA,AMP,FKT,t10
101982,AA,AMP,FKT,t10
101983,AA,AMP,FKT,t10
101984,AA,AMP,FKT,t10
101985,AA,AMP,FKT,t10
101986,AA,AMP,FKT,t10
101987,AA,AMP,FKT,t10
101988,AA,AMP,FKT,t10
101989,AA,AMP,FKT,t10
101990,AA,AMP,FKT,t10
101991,AA,AMP,FKT,t10
101992,AA,AMP,FKT,t10
101993,AA,AMP,FKT,t10
101994,AA,AMP,FKT,t10
101995,AA,AMP,FKT,t10
101996,AA,AMP,FKT,t10
101997,AA,AMP,FKT,t10
101998,AA,AMP,FKT,t10
101999,AA,AMP,FKT,t10
102000,AA,AMP,FKT,t10
102001,AA,AMP,FKT,t10
102002,AA,AMP,FKT,t10
102003,AA,AMP,FKT,t10
102004,AA,AMP,FKT,t10
102005,AA,AMP,FKT,t10
102006,AA,AMP,FKT,t10
102007,AA,AMP,FKT,t10
102008,AA,AMP,FKT,t10
102009,AA,AMP,FKT,t10
102010,AA,AMP,FKT,t10
102011,AA,AMP,FKT,t10
102012,AA,AMP,FKT,t10
102013,AA,AMP,FKT,t10
102014,AA,AMP,FKT,t10
102015,AA,AMP,FKT,t10
102016,AA,AMP,FKT,t10
102017,AA,AMP,FKT,t10
102018,AA,AMP,FKT,t10
102019,AA,AMP,FKT,t10
102020,AA,AMP,FKT,t10
102021,AA,AMP,FKT,t10
102022,AA,AMP,FKT,t10
102023,AA,AMP,FKT,t10
102024,AA,AMP,FKT,t10
102025,AA,AMP,FKT,t10
102026,AA,AMP,FKT,t10
102027,AA,AMP,FKT,t10
102028,AA,AMP,FKT,t10
102029,AA,AMP,FKT,t10
102030,AA,AMP,FKT,t10
102031,AA,AMP,FKT,t10
102032,AA,AMP,FKT,t10
102033,AA,AMP,FKT,t10
102034,AA,AMP,FKT,t10
102035,AA,AMP,FKT,t10
102036,AA,AMP,FKT,t10
102037,AA,AMP,FKT,t10
102038,AA,AMP,FKT,t10
102039,AA,AMP,FKT,t10
102040,AA,AMP,FKT,t10
102041,AA,AMP,FKT,t10
102042,AA,AMP,FKT,t10
102043,AA,AMP,FKT,t10
102044,AA,AMP,FKT,t10
102045,AA,AMP,FKT,t10
102046,AA,AMP,FKT,t10
102047,AA,AMP,FKT,t10
102048,AA,AMP,FKT,t10
102049,AA,AMP,FKT,t10
102050,AA,AMP,FKT,t10
102051,AA,AMP,FKT,t10
102052,AA,AMP,FKT,t10
102053,AA,AMP,FKT,t10
102054,AA,AMP,FKT,t10
102055,AA,AMP,FKT,t10
102056,AA,AMP,FKT,t10
102057,AA,AMP,FKT,t10
102058,AA,AMP,FKT,t10
102059,AA,AMP,FKT,t10
102060,AA,AMP,FKT,t10
102061,AA,AMP,FKT,t10
102062,AA,AMP,FKT,t10
102063,AA,AMP,FKT,t10
102064,AA,AMP,FKT,t10
102065,AA,AMP,FKT,t10
102066,AA,AMP,FKT,t10
102067,AA,AMP,FKT,t10
102068,AA,AMP,FKT,t10
102069,AA,AMP,FKT,t10
102070,AA,AMP,FKT,t10
102071,AA,AMP,FKT,t10
102072,AA,AMP,FKT,t10
102073,AA,AMP,FKT,t10
102074,AA,AMP,FKT,t10
102075,AA,AMP,FKT,t10
102076,AA,AMP,FKT,t10
102077,AA,AMP,FKT,t10
102078,AA,AMP,FKT,t10
102079,AA,AMP,FKT,t10
102080,AA,AMP,FKT,t10
102081,AA,AMP,FKT,t10
102082,AA,AMP,FKT,t10
102083,AA,AMP,FKT,t10
102084,AA,AMP,FKT,t10
102085,AA,AMP,FKT,t10
102086,AA,AMP,FKT,t10
102087,AA,AMP,FKT,t10
102088,AA,AMP,FKT,t10
102089,AA,AMP,FKT,t10
102090,AA,AMP,FKT,t10
102091,AA,AMP,FKT,t10
102092,AA,AMP,FKT,t10
102093,AA,AMP,FKT,t10
102094,AA,AMP,FKT,t10
102095,AA,AMP,FKT,t10
102096,AA,AMP,FKT,t10
102097,AA,AMP,FKT,t10
102098,AA,AMP,FKT,t10
102099,AA,AMP,FKT,t10
102100,AA,AMP,FKT,t10
102101,AA,AMP,FKT,t10
102102,AA,AMP,FKT,t10
102103,AA,AMP,FKT,t10
102104,AA,AMP,FKT,t10
102105,AA,AMP,FKT,t10
102106,AA,AMP,FKT,t10
102107,AA,AMP,FKT,t10
102108,AA,AMP,FKT,t10
102109,AA,AMP,FKT,t10
102110,AA,AMP,FKT,t10
102111,AA,AMP,FKT,t10
102112,AA,AMP,FKT,t10
102113,AA,AMP,FKT,t10
102114,AA,AMP,FKT,t10
102115,AA,AMP,FKT,t10
102116,AA,AMP,FKT,t10
102117,AA,AMP,FKT,t10
102118,AA,AMP,FKT,t10
102119,AA,AMP,FKT,t10
102120,AA,AMP,FKT,t10
102121,AA,AMP,FKT,t10
102122,AA,AMP,FKT,t10
102123,AA,AMP,FKT,t10
102124,AA,AMP,FKT,t10
102125,AA,AMP,FKT,t10
102126,AA,AMP,FKT,t10
102127,AA,AMP,FKT,t10
102128,AA,AMP,FKT,t10
102129,AA,AMP,FKT,t10
102130,AA,AMP,FKT,t10
102131,AA,AMP,FKT,t10
102132,AA,AMP,FKT,t10
102133,AA,AMP,FKT,t10
102134,AA,AMP,FKT,t10
102135,AA,AMP,FKT,t10
102136,AA,AMP,FKT,t10
102137,AA,AMP,FKT,t10
102138,AA,AMP,FKT,t10
102139,AA,AMP,FKT,t10
102140,AA,AMP,FKT,t10
102141,AA,AMP,FKT,t10
102142,AA,AMP,FKT,t10
102143,AA,AMP,FKT,t10
102144,AA,AMP,FKT,t10
102145,AA,AMP,FKT,t10
102146,AA,AMP,FKT,t10
102147,AA,AMP,FKT,t10
102148,AA,AMP,FKT,t10
102149,AA,AMP,FKT,t10
102150,AA,AMP,FKT,t10
102151,AA,AMP,FKT,t10
102152,AA,AMP,FKT,t10
102153,AA,AMP,FKT,t10
102154,AA,AMP,NSA,b23
102155,AA,AMP,NSA,b23
102156,AA,AMP,NSA,b23
102157,AA,AMP,NSA,b23
102158,AA,AMP,NSA,b23
102159,AA,AMP,NSA,b23
102160,AA,AMP,NSA,b23
102161,AA,AMP,NSA,b23
102162,AA,AMP,NSA,b23
102163,AA,AMP,NSA,b23
102164,AA,AMP,NSA,b23
102165,AA,AMP,NSA,b23
102166,AA,AMP,NSA,b23
102167,AA,AMP,NSA,b23
102168,AA,AMP,NSA,b23
102169,AA,AMP,NSA,b23
102170,AA,AMP,NSA,b23
102171,AA,AMP,NSA,b23
102172,AA,AMP,NSA,b23
102173,AA,AMP,NSA,b23
102174,AA,AMP,NSA,b23
102175,AA,AMP,NSA,b23
102176,AA,AMP,NSA,b23
102177,AA,AMP,NSA,b23
102178,AA,AMP,NSA,b23
102179,AA,AMP,NSA,b23
102180,AA,AMP,NSA,b23
102181,AA,AMP,NSA,b23
102182,AA,AMP,NSA,b23
102183,AA,AMP,NSA,b23
102184,AA,AMP,NSA,b23
102185,AA,AMP,NSA,b23
102186,AA,AMP,NSA,b23
102187,AA,AMP,NSA,b23
102188,AA,AMP,NSA,b23
102189,AA,AMP,NSA,b23
102190,AA,AMP,NSA,b23
102191,AA,AMP,NSA,b23
102192,AA,AMP,NSA,b23
102193,AA,AMP,NSA,b23
102194,AA,AMP,NSA,b23
102195,AA,AMP,NSA,b23
102196,AA,AMP,NSA,b23
102197,AA,AMP,NSA,b23
102198,AA,AMP,NSA,b23
102199,AA,AMP,NSA,b23
102200,AA,AMP,NSA,b23
102201,AA,AMP,NSA,b23
102202,AA,AMP,NSA,b23
102203,AA,AMP,NSA,b23
102204,AA,AMP,NSA,b23
102205,AA,AMP,NSA,b23
102206,AA,AMP,NSA,b23
102207,AA,AMP,NSA,b23
102208,AA,AMP,NSA,b23
102209,AA,AMP,NSA,b23
102210,AA,AMP,NSA,b23
102211,AA,AMP,NSA,b23
102212,AA,AMP,NSA,b23
102213,AA,AMP,NSA,b23
102214,AA,AMP,NSA,b23
102215,AA,AMP,NSA,b23
102216,AA,AMP,NSA,b23
102217,AA,AMP,NSA,b23
102218,AA,AMP,NSA,b23
102219,AA,AMP,NSA,b23
102220,AA,AMP,NSA,b23
102221,AA,AMP,NSA,b23
102222,AA,AMP,NSA,b23
102223,AA,AMP,NSA,b23
102224,AA,AMP,NSA,b23
102225,AA,AMP,NSA,b23
102226,AA,AMP,NSA,b23
102227,AA,AMP,NSA,b23
102228,AA,AMP,NSA,b23
102229,AA,AMP,NSA,b23
102230,AA,AMP,NSA,b23
102231,AA,AMP,NSA,b23
102232,AA,AMP,NSA,b23
102233,AA,AMP,NSA,b23
102234,AA,AMP,NSA,b23
102235,AA,AMP,NSA,b23
102236,AA,AMP,NSA,b23
102237,AA,AMP,NSA,b23
102238,AA,AMP,NSA,b23
102239,AA,AMP,NSA,b23
102240,AA,AMP,NSA,b23
102241,AA,AMP,NSA,b23
102242,AA,AMP,NSA,b23
102243,AA,AMP,NSA,b23
102244,AA,AMP,NSA,b23
102245,AA,AMP,NSA,b23
102246,AA,AMP,NSA,b23
102247,AA,AMP,NSA,b23
102248,AA,AMP,NSA,b23
102249,AA,AMP,NSA,b23
102250,AA,AMP,NSA,b23
102251,AA,AMP,NSA,b23
102252,AA,AMP,NSA,b23
102253,AA,AMP,NSA,b23
102254,AA,AMP,NSA,b23
102255,AA,AMP,NSA,b23
102256,AA,AMP,NSA,b23
102257,AA,AMP,NSA,b23
102258,AA,AMP,NSA,b23
102259,AA,AMP,NSA,b23
102260,AA,AMP,NSA,b23
102261,AA,AMP,NSA,b23
102262,AA,AMP,NSA,b23
102263,AA,AMP,NSA,b23
102264,AA,AMP,NSA,b23
102265,AA,AMP,NSA,b23
102266,AA,AMP,NSA,b23
102267,AA,AMP,NSA,b23
102268,AA,AMP,NSA,b23
102269,AA,AMP,NSA,b23
102270,AA,AMP,NSA,b23
